Date,Open,High,Low,Close
2024-03-15 03:27:28.310141,1696.473949943625,2208.922343872779,892.4373991767021,1579.334105633261
2024-03-16 03:27:28.310141,1845.7938731323002,2264.8726338224546,916.7479324526182,1561.813303503968
2024-03-17 03:27:28.310141,1201.1384670521475,2294.933949480663,853.8353590522622,1503.1102282791608
2024-03-18 03:27:28.310141,1732.0730355130236,2205.428301021003,864.3802887802339,1599.612957702903
2024-03-19 03:27:28.310141,1734.813882284395,2116.093747002038,958.0789898700334,1875.5706458121658
2024-03-20 03:27:28.310141,1108.6080275330205,2375.885091450389,822.076946036705,1843.4205832574442
2024-03-21 03:27:28.310141,1892.6241694664805,2030.02367663758,888.3035008836615,1783.2778640124286
2024-03-22 03:27:28.310141,1249.7568446190214,2429.9812206802194,913.8742728827506,1702.1261880059742
2024-03-23 03:27:28.310141,1077.2077260454803,2304.352821341753,941.4425676308174,1556.5801350202503
2024-03-24 03:27:28.310141,1636.1421002335926,2418.6781621896457,841.2138337052805,1663.6389268878615
2024-03-25 03:27:28.310141,1565.5523086732728,2276.3048003040158,816.9596098975454,1695.2110424362108
2024-03-26 03:27:28.310141,1230.5404190404224,2453.8571356745047,923.6022750823774,1618.5295504447759
2024-03-27 03:27:28.310141,1379.185850705778,2216.9626746020554,906.7628175887648,1722.4596415900833
2024-03-28 03:27:28.310141,1690.1810175779724,2249.3639834490614,817.2349474913027,1961.588929091363
2024-03-29 03:27:28.310141,1817.9393987132557,2482.7657791835313,879.8860552668795,1718.616774777509
2024-03-30 03:27:28.310141,1355.9656058952037,2495.454319807279,902.3956784387846,1528.3012073178677
2024-03-31 03:27:28.310141,1204.6108314260057,2460.361247132914,917.4784649709593,1672.5970925614251
2024-04-01 03:27:28.310141,1831.1382700695071,2123.927166406486,995.7759345109438,1531.3416391425756
2024-04-02 03:27:28.310141,1449.0424714455323,2122.574818005124,954.6587088024415,1775.9131311711392
2024-04-03 03:27:28.310141,1651.900242867464,2033.5835254359442,800.8722766216762,1584.0071664694524
2024-04-04 03:27:28.310141,1627.3334404854502,2254.906277843276,814.8802226672032,1944.7505609220111
2024-04-05 03:27:28.310141,1631.9583115651571,2337.5494854903477,927.0504742112325,1502.0654128273202
2024-04-06 03:27:28.310141,1419.5799715287844,2029.1197871952345,855.7517046830098,1625.1166131761222
2024-04-07 03:27:28.310141,1051.587793304135,2371.49961478716,927.1906333535261,1886.2957447466233
2024-04-08 03:27:28.310141,1296.3588563039407,2445.24606602833,929.4740314947712,1613.5910468507054
2024-04-09 03:27:28.310141,1125.0273514637947,2022.9959898953646,818.8666265576325,1690.3749504514794
2024-04-10 03:27:28.310141,1597.5138106157137,2376.4848768098864,817.6981807021515,1860.62333036825
2024-04-11 03:27:28.310141,1438.0380807264232,2074.3849090603985,818.0149954673062,1772.8252868250584
2024-04-12 03:27:28.310141,1257.5845707013373,2158.225443994327,934.1926211682037,1759.6687505661812
2024-04-13 03:27:28.310141,1611.1480502334207,2499.704745036437,932.377659476382,1597.4268071430224
2024-04-14 03:27:28.310141,1686.1033991902025,2453.081985596919,835.8260255040173,1521.4477180149465
2024-04-15 03:27:28.310141,1015.1272967229996,2404.683364087521,995.8401996350601,1828.4799692661381
2024-04-16 03:27:28.310141,1555.3951517177225,2355.7046422069543,874.0857385021421,1797.8642187088972
2024-04-17 03:27:28.310141,1085.7946543805726,2060.2062314720665,922.8320203808022,1798.8003961026625
2024-04-18 03:27:28.310141,1848.5852944469548,2078.649027516666,809.8669669188623,1941.9653238722453
2024-04-19 03:27:28.310141,1975.9378019471544,2351.73981614728,822.5977932084761,1781.2941764498344
2024-04-20 03:27:28.310141,1621.0209764315073,2221.0509192409677,940.9357384121064,1541.1389592106564
2024-04-21 03:27:28.310141,1956.4910027489825,2032.5199805231528,986.3367250848262,1944.279100749325
2024-04-22 03:27:28.310141,1702.4690594203275,2250.9592381272455,867.1125987677017,1520.544913099277
2024-04-23 03:27:28.310141,1905.9854396054243,2480.3630668894625,925.5125902535073,1975.927754036939
2024-04-24 03:27:28.310141,1396.7437819249135,2410.9082334130653,831.7823347676479,1572.1562135158567
2024-04-25 03:27:28.310141,1151.981515236986,2335.807300804636,811.0321532330478,1537.7640765746996
2024-04-26 03:27:28.310141,1093.6245060006465,2098.741149715371,906.3307288270224,1758.3045879906886
2024-04-27 03:27:28.310141,1122.0407368636045,2076.372840299964,999.1210490677656,1769.8487705302591
2024-04-28 03:27:28.310141,1223.076399758514,2442.343311206096,980.600760633849,1607.8356467270069
2024-04-29 03:27:28.310141,1933.2584044704863,2448.230771737657,998.1617337174514,1836.6516279382477
2024-04-30 03:27:28.310141,1329.6239227624435,2019.4191205562468,907.6728571635274,1660.9882154855054
2024-05-01 03:27:28.310141,1679.559211223025,2428.0765545179765,819.6132520349779,1814.633536621106
2024-05-02 03:27:28.310141,1539.7728277662538,2051.131983247434,843.4800105136795,1699.7986086251096
2024-05-03 03:27:28.310141,1775.9064664206144,2047.4994011611511,839.6060992082255,1535.638230662275
2024-05-04 03:27:28.310141,1201.6922680068294,2078.4930474119255,860.2090613159002,1551.3131040365795
2024-05-05 03:27:28.310141,1731.0421954990802,2092.501662890041,942.4965600720775,1679.5459982845268
2024-05-06 03:27:28.310141,1577.8514026939624,2257.8258717808912,925.8109744549023,1742.7244452471475
2024-05-07 03:27:28.310141,1211.3695243010122,2194.5322925942874,951.6560206725333,1730.191367192307
2024-05-08 03:27:28.310141,1984.4290385945455,2220.581482874847,946.1020681626608,1853.232870654147
2024-05-09 03:27:28.310141,1709.3763475085116,2331.702350336202,847.5449653088206,1900.3917192970814
2024-05-10 03:27:28.310141,1050.1565182862057,2441.252630858824,996.5707973068154,1818.537009858538
2024-05-11 03:27:28.310141,1151.0903770952502,2251.8221395347464,962.6174397276056,1966.371029019771
2024-05-12 03:27:28.310141,1497.668966114858,2311.740802592828,996.6996527009177,1632.23176695202
2024-05-13 03:27:28.310141,1376.1874550510236,2271.1480409776304,830.5967105486098,1943.9563691058347
2024-05-14 03:27:28.310141,1028.7707778703168,2237.2419634819275,825.464869900907,1507.9932357743585
2024-05-15 03:27:28.310141,1250.7824429417842,2466.433976420759,800.095423325221,1619.0219170636997
2024-05-16 03:27:28.310141,1964.3548705211228,2370.424334362602,988.0125347553848,1548.7232326208784
2024-05-17 03:27:28.310141,1352.5069456573456,2136.195658992589,824.8237278746412,1883.2205068646474
2024-05-18 03:27:28.310141,1775.7598247832684,2069.4185574186677,943.4953976931351,1997.0652671482067
2024-05-19 03:27:28.310141,1888.5653163275404,2198.3464205300984,811.7349077054903,1950.3681948360586
2024-05-20 03:27:28.310141,1443.801779729441,2003.8082725972658,864.9303610626521,1777.4786140040944
2024-05-21 03:27:28.310141,1676.5602246664282,2102.642360852981,954.7640498785154,1851.4133457373482
2024-05-22 03:27:28.310141,1884.6768212434167,2371.2765031748945,893.8953706771322,1794.8723795388414
2024-05-23 03:27:28.310141,1565.223791003562,2456.5711361800018,983.7189515217085,1603.5697287526496
2024-05-24 03:27:28.310141,1755.5886168701024,2247.6798500882383,928.0606371205969,1941.0372928143397
2024-05-25 03:27:28.310141,1153.7362641034483,2125.1780942334494,949.8065533213826,1850.4583511226028
2024-05-26 03:27:28.310141,1165.4284545656647,2466.1314005320996,922.1927478325113,1516.4074170351716
2024-05-27 03:27:28.310141,1908.5864478423036,2147.7245291293534,868.3445917193014,1613.3780699518186
2024-05-28 03:27:28.310141,1691.785749777001,2129.609545779291,877.3951327452089,1859.8048008948026
2024-05-29 03:27:28.310141,1069.1050126230782,2418.0271919056772,938.7941910160702,1895.7827342072908
2024-05-30 03:27:28.310141,1455.5920386726552,2196.8595750483887,975.8189871305208,1999.3437880957606
2024-05-31 03:27:28.310141,1509.577639893138,2436.276923097339,874.1816035487009,1801.8976838045696
2024-06-01 03:27:28.310141,1047.7584170105838,2066.521694218971,919.8894112596531,1611.9864626858869
2024-06-02 03:27:28.310141,1111.6606463031603,2157.751372520265,901.3679796604915,1835.8783700332328
2024-06-03 03:27:28.310141,1880.8031775968739,2327.8231618542873,978.9091047958284,1824.2631779505175
2024-06-04 03:27:28.310141,1558.810873194043,2336.197303167085,843.2049768036059,1735.4522073997184
2024-06-05 03:27:28.310141,1518.3882542348747,2363.490649225975,913.4636991697926,1863.9815749353756
2024-06-06 03:27:28.310141,1455.833580779683,2041.3903054817756,933.6019296106629,1620.1161858042915
2024-06-07 03:27:28.310141,1914.6603051104685,2073.411073228563,915.5243344950849,1662.281169908706
2024-06-08 03:27:28.310141,1583.3807019252718,2161.556936948377,939.8706518103961,1838.6542384508455
2024-06-09 03:27:28.310141,1864.8456678749121,2392.119899537175,971.3280958802882,1822.0419587684617
2024-06-10 03:27:28.310141,1890.6497124943244,2409.90442984621,881.5964539319925,1876.5792317414684
2024-06-11 03:27:28.310141,1926.1890227537642,2015.802133081222,975.3033812771246,1641.9962967440888
2024-06-12 03:27:28.310141,1576.6164264919557,2489.39582441818,830.5695782387791,1951.02631728373
2024-06-13 03:27:28.310141,1801.6156892595452,2035.2937657400055,874.9834320204532,1710.9516056064008
2024-06-14 03:27:28.310141,1324.2161829133279,2279.196255320934,984.2780717588694,1672.2835585596988
2024-06-15 03:27:28.310141,1453.6963749526526,2100.4581700461877,844.1119973565815,1752.4702415183995
2024-06-16 03:27:28.310141,1900.6903482013797,2460.308424394781,890.0702635620904,1795.667610867321
2024-06-17 03:27:28.310141,1232.6129717341353,2149.501010099983,857.3181776130248,1862.7305297738167
2024-06-18 03:27:28.310141,1270.745227707363,2146.4039942822124,936.4810375978545,1810.2750619032681
2024-06-19 03:27:28.310141,1623.6270294661167,2097.4696335008616,820.6541093672295,1717.4662853982481
2024-06-20 03:27:28.310141,1146.635870971037,2136.079256969904,834.5703287037302,1598.4442086143792
2024-06-21 03:27:28.310141,1524.534688499128,2379.7331214001947,942.9933606140756,1937.375129022732
2024-06-22 03:27:28.310141,1782.4521125940828,2393.5641379102904,947.9008787834125,1885.5678480574993
2024-06-23 03:27:28.310141,1176.0916261450284,2427.589803496874,845.17527898612,1938.2080397277327
2024-06-24 03:27:28.310141,1043.0398172115056,2256.327404380624,822.5349671399898,1944.697497862412
2024-06-25 03:27:28.310141,1715.587317412209,2226.149098056365,841.1996941509882,1512.8112040836177
2024-06-26 03:27:28.310141,1499.015301079366,2214.4919365084816,885.1415579304277,1782.154152788098
2024-06-27 03:27:28.310141,1652.346890042751,2314.465859831034,884.8243593225791,1513.936288872241
2024-06-28 03:27:28.310141,1063.3133126783282,2300.1694390180546,904.2169683255289,1600.9624318680542
2024-06-29 03:27:28.310141,1802.6860790320832,2245.9688289017076,963.5427046689534,1831.953852197317
2024-06-30 03:27:28.310141,1628.5813347608494,2088.933372687637,919.6130823522891,1905.7739810455041
2024-07-01 03:27:28.310141,1801.5749850947534,2105.189573647779,888.0251330495214,1718.8935908130966
2024-07-02 03:27:28.310141,1008.1521642560172,2162.872103339365,953.2779620788364,1644.64406680854
2024-07-03 03:27:28.310141,1817.1852741450048,2078.4224591628995,947.0437643343116,1997.1391638966095
2024-07-04 03:27:28.310141,1509.2094235390891,2183.12356867439,945.7636509029659,1958.6331487635794
2024-07-05 03:27:28.310141,1655.1403612083848,2427.5357867534726,856.1662008796909,1563.195465013128
2024-07-06 03:27:28.310141,1787.2427867375184,2429.3595342866024,833.0313536797818,1706.0981893659507
2024-07-07 03:27:28.310141,1393.7255845179411,2348.972728329966,950.0682750740427,1845.6637861082318
2024-07-08 03:27:28.310141,1073.582765445322,2401.9784525190967,948.7932520480815,1805.4695357459127
2024-07-09 03:27:28.310141,1211.233122243411,2029.3316197189251,864.6019050582263,1945.9033714756217
2024-07-10 03:27:28.310141,1973.9988042979944,2182.383535592818,892.3865525675354,1968.2628675727624
2024-07-11 03:27:28.310141,1896.7499783866012,2460.803368296335,968.1843796244211,1984.4303164154799
2024-07-12 03:27:28.310141,1390.1050194255117,2243.4850597502837,959.3712201236272,1579.5494594345064
2024-07-13 03:27:28.310141,1249.9866622097984,2391.9256958772353,835.0969820582261,1981.2747173457933
2024-07-14 03:27:28.310141,1806.3653909118657,2401.63192761642,990.6396331727627,1949.4785118231064
2024-07-15 03:27:28.310141,1601.8821780253745,2347.1153174501283,864.7600044093227,1961.6472893496107
2024-07-16 03:27:28.310141,1190.4099946605168,2073.384943457942,944.5013462952634,1528.1732118271623
2024-07-17 03:27:28.310141,1663.4070133898372,2368.1746805364733,857.0519509611391,1922.1230902384748
2024-07-18 03:27:28.310141,1837.6988129308045,2258.158202516484,848.7856081625949,1617.7270513624644
2024-07-19 03:27:28.310141,1296.0030559556737,2073.098146104358,855.3296438670905,1925.444200279263
2024-07-20 03:27:28.310141,1354.624168758084,2124.1742926297966,800.825042353127,1756.9405982419985
2024-07-21 03:27:28.310141,1142.593380947925,2306.716942681681,823.7846775285723,1663.7677804122934
2024-07-22 03:27:28.310141,1246.2683909908371,2174.792854203224,853.5974999140889,1906.9911778352418
2024-07-23 03:27:28.310141,1520.7579895097062,2432.965352041214,902.6270022670285,1945.4452002117202
2024-07-24 03:27:28.310141,1867.9134308180965,2039.9527921193503,817.0362054159403,1944.885782438908
2024-07-25 03:27:28.310141,1313.948892711594,2336.195625879646,817.8935597623932,1665.2949643480138
2024-07-26 03:27:28.310141,1362.772139417547,2408.8401150564277,907.428700302298,1991.3301580561206
2024-07-27 03:27:28.310141,1728.432851558211,2247.36512042762,827.3142929865796,1556.2952447959565
2024-07-28 03:27:28.310141,1163.5760038800217,2295.339780009165,808.2185774540071,1609.4780517766374
2024-07-29 03:27:28.310141,1608.8789805362103,2448.375038729546,928.172591088703,1640.0483676234946
2024-07-30 03:27:28.310141,1573.7799134026104,2405.3804239496553,828.2201514462631,1750.4204895618095
2024-07-31 03:27:28.310141,1583.4547526602437,2143.5736741912815,828.8199387970017,1954.014382941446
2024-08-01 03:27:28.310141,1210.902333240814,2094.4357847088377,878.8462132225072,1972.7863749668695
2024-08-02 03:27:28.310141,1202.4282785084679,2186.401680159248,983.0685814386192,1997.8368779974257
2024-08-03 03:27:28.310141,1406.0515901849717,2148.9229677949675,916.7756260430895,1720.4804880879794
2024-08-04 03:27:28.310141,1567.0996745572297,2188.216682527107,995.8891663515374,1624.0058763895777
2024-08-05 03:27:28.310141,1109.3036415687552,2120.584934976648,841.8997966982582,1649.4438138564815
2024-08-06 03:27:28.310141,1489.2047872958951,2487.707357472718,842.958144627604,1942.1535545844113
2024-08-07 03:27:28.310141,1819.6351441556608,2063.7551556169637,920.8848832795895,1897.575476978432
2024-08-08 03:27:28.310141,1711.9951689558693,2259.5028607879804,837.4067630682162,1920.9593425830053
2024-08-09 03:27:28.310141,1613.8083831188078,2027.6999078801753,866.9002481119633,1556.0244865277864
2024-08-10 03:27:28.310141,1566.0705709244721,2417.957622880028,842.3575599770248,1746.2007898708453
2024-08-11 03:27:28.310141,1681.316281069457,2457.44955344807,813.8785310086239,1970.9216698793612
2024-08-12 03:27:28.310141,1335.1586923901907,2087.427598572968,870.8456548828538,1776.7111222953004
2024-08-13 03:27:28.310141,1335.8067581404111,2315.62036116354,952.0940775546467,1620.0574917178194
2024-08-14 03:27:28.310141,1835.354973501546,2445.3967031562092,844.5666049319342,1884.1503714718851
2024-08-15 03:27:28.310141,1039.898708426691,2470.1138457108073,812.7384358811911,1739.001046053362
2024-08-16 03:27:28.310141,1378.7966047240432,2133.9066808422967,950.57913652455,1998.907629606881
2024-08-17 03:27:28.310141,1109.422219428531,2079.8372121086413,838.89766323534,1647.9863938308904
2024-08-18 03:27:28.310141,1314.1725780365323,2308.2939135573088,931.9532863875098,1630.9860085829457
2024-08-19 03:27:28.310141,1078.110244892796,2205.0973054893097,854.0417436020457,1673.0250482655056
2024-08-20 03:27:28.310141,1418.1615551422674,2009.8415788718764,810.9579301234812,1854.2779808356597
2024-08-21 03:27:28.310141,1109.4283824109546,2181.15920030045,884.8974807808829,1988.2227506538698
2024-08-22 03:27:28.310141,1177.0992582267231,2483.340710021307,869.8946335049601,1830.4813321031236
2024-08-23 03:27:28.310141,1151.7995102113434,2080.906106338116,803.2317552514785,1523.9296485137284
2024-08-24 03:27:28.310141,1796.5063756666448,2355.5887915792955,949.1689592337387,1833.8977543975082
2024-08-25 03:27:28.310141,1822.9575481178185,2371.358458262536,879.748009118054,1902.474877688734
2024-08-26 03:27:28.310141,1477.794353335877,2271.9035835533023,948.0136632364802,1946.757645105869
2024-08-27 03:27:28.310141,1905.426934827251,2387.843473536581,820.9275752426539,1639.2780654069074
2024-08-28 03:27:28.310141,1001.5651849015122,2236.6973848974653,906.9146702930079,1540.872986012282
2024-08-29 03:27:28.310141,1898.4344138414983,2112.625462814773,802.5031189366308,1724.153589308915
2024-08-30 03:27:28.310141,1894.9367404355778,2338.5455522550983,855.6868043057333,1789.0137508172413
2024-08-31 03:27:28.310141,1796.9913702322956,2369.2542534788586,885.4707809859452,1771.14963447538
2024-09-01 03:27:28.310141,1196.7389018260922,2105.482914831295,979.3619512407876,1784.582531302895
2024-09-02 03:27:28.310141,1799.9386354347212,2009.2107680642746,883.7255192767045,1605.4997715825568
2024-09-03 03:27:28.310141,1357.788191896995,2187.175328678998,927.123057642548,1607.6119663076904
2024-09-04 03:27:28.310141,1247.2889732768297,2167.8482699195806,846.5244300081565,1995.0944478580395
2024-09-05 03:27:28.310141,1725.9050216193632,2241.1931549241094,902.9789871001553,1811.6008921769144
2024-09-06 03:27:28.310141,1516.273362938919,2288.646327981749,880.7617377275442,1739.7996805836647
2024-09-07 03:27:28.310141,1283.657524190597,2071.896907881896,842.6387615768364,1878.5595909726728
2024-09-08 03:27:28.310141,1172.2678805023957,2292.7721043973024,918.4176957396592,1538.4848218862082
2024-09-09 03:27:28.310141,1282.7210951756736,2004.9382101089068,887.7983487779375,1656.514371959003
2024-09-10 03:27:28.310141,1479.7467672514344,2308.282435253119,893.8446704127242,1595.6520501449047
2024-09-11 03:27:28.310141,1385.3329738220814,2435.0112408005953,924.3703555104742,1845.1955205738172
2024-09-12 03:27:28.310141,1088.3149055672184,2010.782395067596,835.5765317264827,1967.807968635523
2024-09-13 03:27:28.310141,1670.526426283228,2005.000745670413,807.0159437308218,1516.214312514037
2024-09-14 03:27:28.310141,1180.9635673217067,2092.441593285043,969.990246909779,1851.1571139467292
2024-09-15 03:27:28.310141,1628.852739730722,2397.1509229907624,913.9116697746529,1606.1497703151124
2024-09-16 03:27:28.310141,1435.7008935482913,2258.6132868960804,879.6387045390884,1610.6620336393255
2024-09-17 03:27:28.310141,1428.240504334411,2250.5824795268436,984.8703716413212,1876.1275391634592
2024-09-18 03:27:28.310141,1009.2835099687977,2491.3557536975,864.0156776423361,1899.3575128538869
2024-09-19 03:27:28.310141,1797.1978451536688,2242.590843836628,898.8550210572434,1789.349026822429
2024-09-20 03:27:28.310141,1133.554935548203,2319.4365931745374,816.9801869570064,1695.6699362970926
2024-09-21 03:27:28.310141,1418.9516678858934,2146.0162158183402,805.8090174372618,1789.6108539728714
2024-09-22 03:27:28.310141,1556.0131984525424,2197.7256593346315,841.2270135768714,1898.982377594633
2024-09-23 03:27:28.310141,1948.629234662213,2170.840695266716,864.6584067435799,1882.3825905196454
2024-09-24 03:27:28.310141,1836.6957278654852,2135.925561327145,885.514700731791,1624.5848105675732
2024-09-25 03:27:28.310141,1090.8966260344055,2323.920167912265,963.7316645849728,1762.2949698166242
2024-09-26 03:27:28.310141,1117.3865123944045,2141.9479121790105,982.7227551767461,1787.719236600757
2024-09-27 03:27:28.310141,1032.13285278323,2494.0399100633217,960.335429677897,1701.4985549103549
2024-09-28 03:27:28.310141,1917.412889050377,2442.9472830927184,809.5533421319091,1925.3476076290221
2024-09-29 03:27:28.310141,1361.40988794834,2078.9701755027995,849.9319661758385,1742.772596938414
2024-09-30 03:27:28.310141,1077.3916524600438,2357.3116834848156,955.4098277299588,1860.7999322190853
2024-10-01 03:27:28.310141,1658.290805771779,2323.8098174216584,885.4798433426804,1887.969987658867
2024-10-02 03:27:28.310141,1162.311752304296,2403.744576252991,954.6376635492604,1929.8986694603095
2024-10-03 03:27:28.310141,1844.5864927386,2103.4335121248905,832.7464184106443,1614.2599722379832
2024-10-04 03:27:28.310141,1760.5068078947934,2197.1886346594215,915.9297916579893,1671.441020794605
2024-10-05 03:27:28.310141,1198.22083762169,2176.183343790776,901.5085557136229,1579.1035760780553
2024-10-06 03:27:28.310141,1735.1506800872667,2447.176669230866,902.6511306635316,1740.168712298157
2024-10-07 03:27:28.310141,1372.473497630964,2093.3666378570056,826.3646286871503,1916.1352490438637
2024-10-08 03:27:28.310141,1357.841014917371,2312.186334468479,969.8626908110432,1972.26797428602
2024-10-09 03:27:28.310141,1599.343168930754,2243.1881149820097,804.394746920331,1660.1833300472208
2024-10-10 03:27:28.310141,1069.1740012208525,2031.893961297188,940.363746447063,1783.5309119910926
2024-10-11 03:27:28.310141,1836.1140910724162,2473.7110536506902,863.4066353005832,1761.9861045518464
2024-10-12 03:27:28.310141,1411.9319245131792,2265.044787832793,869.7366838676292,1712.697216628649
2024-10-13 03:27:28.310141,1665.2996606046188,2486.4919672736905,968.7357486145618,1687.3498821486667
2024-10-14 03:27:28.310141,1534.0505259872393,2179.888907337534,850.4656175690801,1874.945843743175
2024-10-15 03:27:28.310141,1392.0796786769895,2381.750263918171,848.1795498835775,1940.073633437076
2024-10-16 03:27:28.310141,1749.336852408821,2142.1404907149704,866.5961013501983,1838.212822217668
2024-10-17 03:27:28.310141,1138.8574399600957,2216.414344198286,823.9813276283063,1567.2453307410135
2024-10-18 03:27:28.310141,1307.1834519125005,2163.6801858464546,844.4721314067808,1830.1049875703707
2024-10-19 03:27:28.310141,1663.5528684820588,2053.6951041264488,916.0052039461405,1559.8471026727798
2024-10-20 03:27:28.310141,1979.4786013264652,2267.126391681537,897.3142565180042,1939.398946688352
2024-10-21 03:27:28.310141,1201.8784383768816,2445.694746614483,826.3634407082911,1775.916727352242
2024-10-22 03:27:28.310141,1252.126147607204,2225.4931777906536,888.5389967710059,1860.1693062199272
2024-10-23 03:27:28.310141,1743.8748072209075,2423.737783948456,875.5069057549935,1894.2402290955379
2024-10-24 03:27:28.310141,1663.602739084253,2184.8916145796156,961.3370145516517,1926.0878443523247
2024-10-25 03:27:28.310141,1132.9119014765013,2172.565409749245,988.1322091892625,1957.2596419393938
2024-10-26 03:27:28.310141,1306.8540546981687,2150.014307022438,875.0078995218956,1639.7097539707872
2024-10-27 03:27:28.310141,1603.6582701351654,2251.0476752230247,885.6885948578816,1902.6381046636363
2024-10-28 03:27:28.310141,1849.1042193275903,2005.7883142445144,908.8308728423069,1779.04275895009
2024-10-29 03:27:28.310141,1070.821323925009,2100.94104291551,945.5302579988152,1780.973035399813
2024-10-30 03:27:28.310141,1979.2781269232958,2250.115139658678,804.6081496736235,1640.7612791914892
2024-10-31 03:27:28.310141,1957.565100260264,2340.458823873905,970.2262681533626,1793.681114833205
2024-11-01 03:27:28.310141,1303.7008622205344,2393.3925371374257,808.7722985871733,1643.7396042255991
2024-11-02 03:27:28.310141,1480.8293251171551,2036.4132808263878,944.2608111419523,1868.6583377241107
2024-11-03 03:27:28.310141,1296.4987581221972,2364.237381302047,981.2970838024612,1871.8906764169133
2024-11-04 03:27:28.310141,1742.1832253388793,2414.193901261534,982.7656346496376,1854.0306786872497
2024-11-05 03:27:28.310141,1600.434676955395,2164.8257746108284,835.3566813793,1752.075350008738
2024-11-06 03:27:28.310141,1791.3680565228142,2402.144667214112,825.4560942351264,1501.7382678145275
2024-11-07 03:27:28.310141,1848.368524081492,2385.7670787175507,800.7496888889104,1936.6907166240353
2024-11-08 03:27:28.310141,1172.6507651444497,2188.5660836337,888.452378606768,1584.077281676991
2024-11-09 03:27:28.310141,1323.7339198507425,2178.432962908738,815.0250909669338,1783.055442977584
2024-11-10 03:27:28.310141,1355.38328551002,2089.5778694129613,957.4332549377585,1667.8399240849355
2024-11-11 03:27:28.310141,1473.7822177140765,2464.2922200501885,993.1067198586949,1653.346741083598
2024-11-12 03:27:28.310141,1097.0203742531346,2189.1871102264067,816.9149630279364,1777.3271212763311
2024-11-13 03:27:28.310141,1261.5361155330584,2441.4595134817832,997.9335398843948,1879.7918911425506
2024-11-14 03:27:28.310141,1523.12595885791,2025.2260267801585,851.141751240718,1705.120661400211
2024-11-15 03:27:28.310141,1537.6914299188168,2391.7580683136493,819.6825018491646,1775.8027284749205
2024-11-16 03:27:28.310141,1282.1511059889813,2305.5153886163944,874.5921243142004,1842.7664430231257
2024-11-17 03:27:28.310141,1156.7617259540784,2271.376097067108,980.2303081197442,1541.7218591947465
2024-11-18 03:27:28.310141,1695.1071486881015,2424.7071394621994,857.2738331591124,1541.5936934652345
2024-11-19 03:27:28.310141,1721.0699383877254,2112.7986554119125,836.8617949741347,1984.366020630601
2024-11-20 03:27:28.310141,1300.7180401592839,2022.517779101458,804.3864733753617,1863.1708084486334
2024-11-21 03:27:28.310141,1168.0201355372658,2291.1349487818416,806.9826424458238,1862.4904838873592
2024-11-22 03:27:28.310141,1699.3938048517703,2241.3464167730754,964.3389257224756,1573.3324514233204
2024-11-23 03:27:28.310141,1427.0798210693383,2054.8248641741984,975.6411781109357,1602.9478417021319
2024-11-24 03:27:28.310141,1397.342481045146,2288.5141653758474,825.8771692237883,1869.388903459191
2024-11-25 03:27:28.310141,1475.8585068326263,2104.1575242426475,802.4902048356455,1953.765944897223
2024-11-26 03:27:28.310141,1268.7734826228484,2183.5188482602916,823.7773507296031,1747.8183289185504
2024-11-27 03:27:28.310141,1609.8296868436462,2455.3167581453663,829.9701365384356,1746.6794568719142
2024-11-28 03:27:28.310141,1059.6417743833767,2406.5236073928813,977.6097334819561,1883.9298415302273
2024-11-29 03:27:28.310141,1019.4133929483,2153.2166386791405,880.1850700016901,1689.448403578764
2024-11-30 03:27:28.310141,1230.2013939751812,2239.01599784159,987.6820834441144,1545.9098069437146
2024-12-01 03:27:28.310141,1631.736979219698,2096.226275815166,885.7349033911221,1990.3851691967084
2024-12-02 03:27:28.310141,1711.2136443544427,2017.6099280561964,962.9880241035382,1603.332488346337
2024-12-03 03:27:28.310141,1619.4478148339635,2266.906731730689,941.1334212175432,1686.1715586561504
2024-12-04 03:27:28.310141,1953.2183064601336,2280.042679972749,837.2505022214491,1628.320379979879
2024-12-05 03:27:28.310141,1586.7801696126605,2025.8978164070397,870.399860612774,1667.3122747426964
2024-12-06 03:27:28.310141,1817.113652328184,2258.1436820644453,941.4338631839942,1980.4355340519328
2024-12-07 03:27:28.310141,1134.2046332298578,2429.3423746536478,981.5807358312221,1857.3025395532968
2024-12-08 03:27:28.310141,1953.2881429548725,2129.445731472488,966.7696902616797,1678.258635833222
2024-12-09 03:27:28.310141,1963.7950746287768,2253.6244204084437,982.7240512232956,1829.0074714679965
2024-12-10 03:27:28.310141,1905.7585147177267,2477.8274024426764,963.2759377961844,1639.3439702164417
2024-12-11 03:27:28.310141,1466.299043890585,2307.195909844852,870.7325591201255,1623.4472014642583
2024-12-12 03:27:28.310141,1108.2037332505315,2336.183378808684,897.7311889889479,1620.0933528998203
2024-12-13 03:27:28.310141,1299.92233860241,2200.1636165921655,914.6201720781315,1887.7745861370859
2024-12-14 03:27:28.310141,1122.3682753127803,2380.793236653408,919.7479201247274,1544.697982043306
2024-12-15 03:27:28.310141,1856.685031039613,2058.299090511493,845.2554332056641,1565.969237061058
2024-12-16 03:27:28.310141,1925.3594100434525,2290.428399344616,800.850221132493,1986.6399921320137
2024-12-17 03:27:28.310141,1873.9907293372735,2034.6645244045094,848.893947280975,1990.7698793977988
2024-12-18 03:27:28.310141,1654.4412657352518,2082.391293861843,952.4157756620897,1701.5160065856332
2024-12-19 03:27:28.310141,1993.0098956324864,2267.9438034455934,861.9078573624682,1546.1050197157986
2024-12-20 03:27:28.310141,1632.2168951650967,2176.566006576162,853.6508116127463,1928.6300434452876
2024-12-21 03:27:28.310141,1386.6448649223005,2242.2333633926,844.1925948634724,1704.0844182876053
2024-12-22 03:27:28.310141,1946.1587913281026,2443.5543199542753,820.7871515724856,1747.4081224955169
2024-12-23 03:27:28.310141,1782.5030393779634,2339.2425989485864,955.6751537825239,1753.8632116308556
2024-12-24 03:27:28.310141,1320.1580234636567,2483.610672055566,872.0809514211958,1674.3852512643234
2024-12-25 03:27:28.310141,1614.4208721156847,2328.5576326514242,815.1926763395613,1907.7416579451162
2024-12-26 03:27:28.310141,1524.118923583019,2239.9179979871437,939.5052862190341,1561.0805466896286
2024-12-27 03:27:28.310141,1189.7089855763656,2086.0522496634867,867.1900129687948,1600.2153412157174
2024-12-28 03:27:28.310141,1550.0908229343013,2190.4301136835893,847.8017339843926,1505.7988946442629
2024-12-29 03:27:28.310141,1185.967156012475,2264.0611989698727,822.5950153395314,1650.1088428825115
2024-12-30 03:27:28.310141,1294.263866177365,2353.997855711829,880.7478732244776,1857.574607188133
2024-12-31 03:27:28.310141,1177.0341058413724,2154.68128720932,888.569018185914,1793.5013396623262
2025-01-01 03:27:28.310141,1149.0154565286725,2094.4207524754142,807.1969625561111,1702.8420924945513
2025-01-02 03:27:28.310141,1975.0991567753945,2027.852090089306,924.7671358285425,1887.4455262376891
2025-01-03 03:27:28.310141,1764.9191853332318,2351.213535279584,901.6428970640345,1623.5484145771736
2025-01-04 03:27:28.310141,1613.7351421374447,2155.607873760988,863.3708001439505,1620.454672562439
2025-01-05 03:27:28.310141,1762.7626994838595,2459.396481378083,879.1210311682048,1849.5814248330898
2025-01-06 03:27:28.310141,1106.7621647556693,2440.225726926459,955.3215320958441,1847.3375667642808
2025-01-07 03:27:28.310141,1166.2565407258655,2303.3992825117193,975.018216447775,1779.6920312929408
2025-01-08 03:27:28.310141,1901.6744017672213,2279.0994647852685,969.0948663004705,1788.781655506561
2025-01-09 03:27:28.310141,1892.9737241350526,2341.876402348814,812.5228089367391,1519.2528131143106
2025-01-10 03:27:28.310141,1959.1448847900945,2160.923337314978,978.545560882014,1740.0051562965182
2025-01-11 03:27:28.310141,1184.719460135968,2227.442172321937,808.2476142826281,1717.7091775832794
2025-01-12 03:27:28.310141,1474.0728147180073,2158.3099594627797,903.8462190959774,1758.2393685562192
2025-01-13 03:27:28.310141,1520.5066812134944,2391.680237399067,815.3631906280149,1629.7477960219285
2025-01-14 03:27:28.310141,1923.6351831254315,2336.304928125748,887.0667250155598,1784.0697848447894
2025-01-15 03:27:28.310141,1763.318417721136,2056.8808611573354,960.5984335595939,1941.6308675188814
2025-01-16 03:27:28.310141,1395.9571558473078,2184.0540794448125,882.8187812318163,1699.2375757204513
2025-01-17 03:27:28.310141,1234.853698802107,2223.1833246288857,944.2436852096857,1944.4485086399297
2025-01-18 03:27:28.310141,1818.0763225306453,2079.098437968923,845.1232942518899,1894.047913314359
2025-01-19 03:27:28.310141,1472.3114188824834,2242.588922670697,916.3225544734611,1692.1536380610155
2025-01-20 03:27:28.310141,1599.7736785714317,2089.2983082731016,886.7926185768588,1701.7755567099673
2025-01-21 03:27:28.310141,1564.760765019083,2168.7888950859415,890.9058262913703,1656.2845776667973
2025-01-22 03:27:28.310141,1728.0304833495761,2419.095868205578,953.5628591268347,1620.1441418080333
2025-01-23 03:27:28.310141,1834.4240704782696,2137.73329118192,931.8963365581186,1650.320492756391
2025-01-24 03:27:28.310141,1882.478821043455,2010.2474899122674,941.7013439557006,1553.7493197115557
2025-01-25 03:27:28.310141,1110.2097315980773,2124.359822678577,811.7902136146918,1950.1652749107684
2025-01-26 03:27:28.310141,1747.9216278278127,2473.854566804047,957.836482360066,1587.5974550150947
2025-01-27 03:27:28.310141,1911.5253733335226,2267.0162802759637,870.3110951858994,1955.5377418565229
2025-01-28 03:27:28.310141,1257.241775531543,2313.8548784534087,993.4110502507436,1959.801767456674
2025-01-29 03:27:28.310141,1934.8671576099205,2024.7142892917745,905.7107652951269,1813.3098225598987
2025-01-30 03:27:28.310141,1939.4998629811712,2288.2085853633353,939.8112611053798,1601.457919690082
2025-01-31 03:27:28.310141,1744.4366731982504,2395.327223228691,940.4881672103973,1541.367999193475
2025-02-01 03:27:28.310141,1127.864887222759,2221.661985328448,828.1819825362444,1823.0386822019764
2025-02-02 03:27:28.310141,1331.8538091951125,2337.738160634678,811.7779469007485,1545.7194821845349
2025-02-03 03:27:28.310141,1393.3959824376425,2131.5444186994273,868.0400554483115,1824.5457967667576
2025-02-04 03:27:28.310141,1723.7845396615999,2170.5375583416007,801.4226151133059,1509.1769382793273
2025-02-05 03:27:28.310141,1719.6942556026397,2043.8536236990144,820.6283468185801,1758.8576403324737
2025-02-06 03:27:28.310141,1101.8025093707756,2084.8996618062156,956.9212270116993,1853.1971584240484
2025-02-07 03:27:28.310141,1970.1113074235357,2047.157278619729,914.9452963296691,1915.807974609636
2025-02-08 03:27:28.310141,1151.2862783591677,2478.945179888917,899.7660426159019,1529.7939847214975
2025-02-09 03:27:28.310141,1827.7578875509043,2043.4065407619062,909.9205719906669,1990.998796613479
2025-02-10 03:27:28.310141,1604.5305012038966,2182.974700378486,890.9570078264121,1549.7269933182586
2025-02-11 03:27:28.310141,1728.8032289069492,2084.642840305167,879.0480243007709,1954.1688547343813
2025-02-12 03:27:28.310141,1302.3232533762325,2052.581832525781,884.9520423275173,1725.3382042127873
2025-02-13 03:27:28.310141,1334.094267725347,2252.8572031703584,939.2425272109372,1969.4725681152859
2025-02-14 03:27:28.310141,1853.9661191820112,2042.3037026771647,895.7505596924576,1713.671169416673
2025-02-15 03:27:28.310141,1227.8718058111226,2097.0129876260344,838.4352036104788,1793.0501396282048
2025-02-16 03:27:28.310141,1082.4432164027658,2342.5819745977656,946.9142720841756,1912.2362685106177
2025-02-17 03:27:28.310141,1163.1467703871876,2437.906035648254,998.0671706163845,1874.8319193729783
2025-02-18 03:27:28.310141,1330.5815533843042,2029.5641052846033,902.7239727406758,1511.2313309554713
2025-02-19 03:27:28.310141,1518.0653673353277,2367.792669230765,877.48075378189,1946.4746032641824
2025-02-20 03:27:28.310141,1670.5792634186205,2455.5193691524105,882.8638335064497,1759.8181812549792
2025-02-21 03:27:28.310141,1115.5651147794592,2120.91773915448,846.3253601582719,1799.2924608778014
2025-02-22 03:27:28.310141,1661.9259575739748,2463.3758126231032,832.6859236607525,1672.3364341031997
2025-02-23 03:27:28.310141,1980.9796618667685,2137.4636197106124,958.8428740067956,1675.2636070322
2025-02-24 03:27:28.310141,1119.0335317618628,2067.585833251756,873.183844314241,1922.1213482787396
2025-02-25 03:27:28.310141,1407.0754390536154,2435.8142479866774,948.08958141123,1598.1781905228306
2025-02-26 03:27:28.310141,1030.2912135640788,2266.368989540211,955.418902429115,1993.0213189410624
2025-02-27 03:27:28.310141,1141.0985249116213,2298.225669373392,856.4836387118079,1778.0836144635682
2025-02-28 03:27:28.310141,1553.6215931657493,2032.7515815818836,864.2310651253903,1882.0846613868944
2025-03-01 03:27:28.310141,1497.5920836624384,2051.6772212820983,841.3872597256693,1909.0717122183864
2025-03-02 03:27:28.310141,1426.8701385825866,2454.743874072029,856.6988999304273,1981.3008783064874
2025-03-03 03:27:28.310141,1217.3525151272513,2066.195275771481,920.1756807441001,1664.3875521540986
2025-03-04 03:27:28.310141,1438.2867147080594,2071.439216889942,838.4048663603667,1877.6790763593901
2025-03-05 03:27:28.310141,1688.8309591626626,2248.5811555579567,996.4529596356213,1950.9867993169164
2025-03-06 03:27:28.310141,1747.0892212958436,2152.233959153127,864.1244252196435,1649.6589730142402
2025-03-07 03:27:28.310141,1256.8462244071948,2033.7132428015093,892.8229006018557,1688.2554386298339
2025-03-08 03:27:28.310141,1609.9979513554458,2466.1323201529763,845.4780063169251,1730.2297004666652
2025-03-09 03:27:28.310141,1978.237923204591,2129.9994353845864,944.1697187173606,1525.6986296418245
2025-03-10 03:27:28.310141,1449.8408330237964,2457.4500822159507,853.0395450846937,1837.6440064103053
2025-03-11 03:27:28.310141,1106.3855729497056,2495.064200102987,990.7397360804845,1919.6018788454628
2025-03-12 03:27:28.310141,1499.6601300791508,2061.1036849070892,973.2521575498299,1744.1724807145642
2025-03-13 03:27:28.310141,1434.8652383513756,2259.6459858082258,927.8211451207602,1648.5580362806197
2025-03-14 03:27:28.310141,1157.541492369763,2067.744124203134,890.3649455327686,1943.8414057947277
2025-03-15 03:27:28.310141,1687.6484979017303,2190.564188672974,947.6878878947999,1909.6001430529022
